param_MLP__max_iter,train acc,test acc
1,0.9788970419919897,0.9874523347985549
2,0.9983660130718954,0.9970308788598575
4,1.0,1.0
8,0.9996808171082031,1.0
16,1.0,1.0
32,1.0,1.0
64,1.0,1.0
128,1.0,1.0
256,1.0,1.0
512,1.0,1.0
1024,1.0,1.0
2048,1.0,1.0
2100,1.0,1.0
2200,1.0,1.0
2300,1.0,1.0
2400,1.0,1.0
2500,1.0,1.0
2600,1.0,1.0
2700,1.0,1.0
2800,1.0,1.0
2900,1.0,1.0
3000,1.0,1.0
