param_MLP__max_iter,train acc,test acc
1,0.9084617888010614,0.921565906146953
2,0.9279589704900909,0.9367125951408038
4,0.9530087112464464,0.9640815973644217
8,0.9900893522445878,0.9925608916312496
16,0.9987343156125191,1.0
32,1.0,1.0
64,1.0,1.0
128,1.0,1.0
256,1.0,1.0
512,1.0,1.0
1024,1.0,1.0
2048,1.0,1.0
2100,1.0,1.0
2200,1.0,1.0
2300,1.0,1.0
2400,1.0,1.0
2500,1.0,1.0
2600,1.0,1.0
2700,1.0,1.0
2800,1.0,1.0
2900,1.0,1.0
3000,1.0,1.0
